year,region,tr_me,tr_a,tr_dv
2020,ANDALUCIA,32.03,13.83,3.43
2020,ARAGON,26.52,9.09,6.06
2020,ASTURIAS,63.37,16.83,0.99
2020,BALEARES,39.32,21.37,0.85
2020,CANARIAS,39.17,27.65,1.38
2020,CANTABRIA,67.24,39.66,1.72
2020,CASTILLA LA MANCHA,13.73,8.33,0.00
2020,CASTILLA Y LEON,25.10,12.13,4.18
2020,CATALUÑA,41.13,31.49,14.27
2020,COM. VALENCIANA,29.31,14.46,2.77
2020,EXTREMADURA,28.30,12.26,0.00
2020,GALICIA,28.89,17.04,6.30
2020,LA RIOJA,12.90,22.58,0.00
2020,MADRID,32.79,15.21,5.02
2020,MURCIA,23.84,21.19,0.66
2020,NAVARRA,28.79,18.18,3.03
2020,PAIS VASCO,28.83,28.38,11.76
2020,TOTAL ESTADO,32.64,18.84,5.42
2021,ANDALUCIA,32.0,19.6,5.1
2021,ARAGON,28.8,15.9,3.0
2021,ASTURIAS,55.4,15.8,4.0
2021,BALEARES,43.6,12.8,0.0
2021,CANARIAS,37.8,24.4,3.7
2021,CANTABRIA,56.9,51.7,1.7
2021,CASTILLA LA MANCHA,26.0,11.3,0.0
2021,CASTILLA Y LEON,37.8,13.4,2.9
2021,CATALUÑA,44.6,32.6,18.7
2021,COM. VALENCIANA,36.2,16.4,1.6
2021,EXTREMADURA,20.0,16.2,1.9
2021,GALICIA,33.8,8.9,9.3
2021,LA RIOJA,9.7,12.9,0.0
2021,MADRID,36.6,12.0,7.6
2021,MURCIA,35.1,19.9,1.3
2021,NAVARRA,24.2,22.8,0.0
2021,PAIS VASCO,27.1,30.3,10.0
2021,TOTAL ESTADO,35.8,19.7,6.8
2022,ANDALUCIA,36.1,25.5,4.7
2022,ARAGON,40.2,18.9,4.5
2022,ASTURIAS,46.0,18.0,4.0
2022,BALEARES,36.8,23.1,0.0
2022,CANARIAS,35.0,19.4,2.8
2022,CANTABRIA,50.0,56.9,3.4
2022,CASTILLA LA MANCHA,28.8,5.9,0.0
2022,CASTILLA Y LEON,37.5,17.3,3.4
2022,CATALUÑA,50.6,48.4,22.8
2022,COM. VALENCIANA,32.2,25.9,1.8
2022,EXTREMADURA,38.1,21.0,1.0
2022,GALICIA,28.6,19.7,7.8
2022,LA RIOJA,16.1,12.9,0.0
2022,MADRID,34.8,24.4,7.3
2022,MURCIA,34.0,21.6,3.3
2022,NAVARRA,33.3,25.8,1.5
2022,PAIS VASCO,28.6,38.2,9.1
2022,TOTAL ESTADO,36.9,27.4,7.4
2023,ANDALUCIA,40.0,28.4,6.5
2023,ARAGON,30.1,22.6,7.5
2023,ASTURIAS,63.0,11.0,5.0
2023,BALEARES,27.7,25.2,4.2
2023,CANARIAS,33.6,37.7,4.5
2023,CANTABRIA,50.0,60.3,1.7
2023,CASTILLA LA MANCHA,22.7,21.7,0.5
2023,CASTILLA Y LEON,38.7,15.5,4.2
2023,CATALUÑA,47.1,52.8,23.7
2023,COM. VALENCIANA,34.4,30.9,2.9
2023,EXTREMADURA,41.0,20.0,1.0
2023,GALICIA,31.2,23.3,8.9
2023,LA RIOJA,21.9,21.9,0.0
2023,MADRID,29.9,24.1,11.8
2023,MURCIA,34.8,42.6,5.8
2023,NAVARRA,37.3,25.4,1.5
2023,PAIS VASCO,35.7,26.7,8.6
2023,TOTAL ESTADO,36.8,31.0,9.1
2024,ANDALUCIA,42.0,37.2,5.3
2024,ARAGON,32.1,29.1,4.5
2024,ASTURIAS,36.0,34.0,4.0
2024,BALEARES,47.5,24.6,0.8
2024,CANARIAS,38.7,49.1,5.4
2024,CANTABRIA,62.7,72.9,3.4
2024,CASTILLA LA MANCHA,24.9,19.6,0.0
2024,CASTILLA Y LEON,38.7,28.2,4.6
2024,CATALUÑA,39.4,51.6,21.0
2024,COM. VALENCIANA,33.7,39.4,2.6
2024,EXTREMADURA,26.7,36.2,2.9
2024,GALICIA,32.6,35.6,8.9
2024,LA RIOJA,25.0,34.4,0.0
2024,MADRID,34.1,33.4,11.9
2024,MURCIA,39.5,44.6,1.9
2024,NAVARRA,40.3,43.3,0.0
2024,PAIS VASCO,30.0,34.1,8.1
2024,TOTAL ESTADO,36.7,38.3,8.2
2025,ANDALUCIA,34.2,42.0,5.0
2025,ARAGON,41.2,41.9,3.7
2025,ASTURIAS,45.4,35.5,1.5
2025,BALEARES,27.5,20.2,1.5
2025,CANARIAS,32.9,25.8,4.9
2025,CANTABRIA,33.7,85.9,3.4
2025,CASTILLA LA MANCHA,23.1,22.6,0.0
2025,CASTILLA Y LEON,44.6,23.3,4.6
2025,CATALUÑA,36.5,58.2,21.4
2025,COMUNIDAD VALENCIANA,30.8,43.8,5.4
2025,EXTREMADURA,29.5,19.0,1.5
2025,GALICIA,31.7,44.6,8.1
2025,LA RIOJA,12.2,30.6,0.0
2025,MADRID,28.6,36.3,11.3
2025,MURCIA,30.8,38.4,3.1
2025,NAVARRA,32.2,41.0,1.5
2025,PAIS VASCO,29.0,37.5,6.7
2025,TOTAL ESTADO,32.7,40.5,8.2
