year,region,le_pmp,tx_pmp
2020,ANDALUCÍA,87.47,49.29
2020,ARAGÓN,135.61,41.67
2020,ASTURIAS,127.72,81.19
2020,BALEARES,128.21,61.54
2020,CANARIAS,123.04,68.2
2020,CANTABRIA,253.45,108.62
2020,CASTILLA-LA MANCHA,74.51,22.06
2020,CASTILLA Y LEÓN,87.87,41.42
2020,CATALUÑA,205.78,86.89
2020,COM. VALENCIANA,162.18,46.53
2020,EXTREMADURA,159.43,40.57
2020,GALICIA,123.33,52.22
2020,LA RIOJA,67.74,35.48
2020,MADRID,158.94,53.03
2020,MURCIA,143.05,45.7
2020,NAVARRA,83.33,50
2020,PAÍS  VASCO,135.14,68.47
2020,TOTAL ESTADO,138.34,56.9
2021,ANDALUCÍA,98.4,55.6
2021,ARAGÓN,121.2,47.7
2021,ASTURIAS,136.6,75.2
2021,BALEARES,140.2,56.4
2021,CANARIAS,118,65.9
2021,CANTABRIA,194.8,110.3
2021,CASTILLA-LA MANCHA,78.4,37.3
2021,CASTILLA Y LEÓN,94.1,54.2
2021,CATALUÑA,229,95.9
2021,COM. VALENCIANA,146.3,54.3
2021,EXTREMADURA,165.7,38.1
2021,GALICIA,128.6,52
2021,LA RIOJA,71,22.6
2021,MADRID,168.9,56.1
2021,MURCIA,156.3,56.3
2021,NAVARRA,97,53
2021,PAÍS  VASCO,150.2,67.4
2021,TOTAL ESTADO,145.5,62.3
2022,ANDALUCÍA,108.8,66.4
2022,ARAGÓN,129.5,63.6
2022,ASTURIAS,185,68
2022,BALEARES,129.9,59.8
2022,CANARIAS,102.3,57.1
2022,CANTABRIA,208.6,110.3
2022,CASTILLA-LA MANCHA,102.9,34.1
2022,CASTILLA Y LEÓN,102.5,57.8
2022,CATALUÑA,255.7,121.8
2022,COM. VALENCIANA,161.7,59.9
2022,EXTREMADURA,125.7,60
2022,GALICIA,130.1,56.1
2022,LA RIOJA,87.1,29
2022,MADRID,176.6,66.5
2022,MURCIA,186.9,58.8
2022,NAVARRA,109.1,60.6
2022,PAÍS  VASCO,155,75.9
2022,TOTAL ESTADO,156.8,71.7
2023,ANDALUCÍA,116.8,74.9
2023,ARAGÓN,122.6,60.2
2023,ASTURIAS,171,79
2023,BALEARES,116.8,57.1
2023,CANARIAS,130.5,75.9
2023,CANTABRIA,219,112.1
2023,CASTILLA-LA MANCHA,92.3,44.9
2023,CASTILLA Y LEÓN,103.8,58.4
2023,CATALUÑA,266.6,123.5
2023,COM. VALENCIANA,166.6,68.1
2023,EXTREMADURA,125.7,61.9
2023,GALICIA,117.8,62.5
2023,LA RIOJA,125,43.8
2023,MADRID,165.7,65.8
2023,MURCIA,195.5,83.2
2023,NAVARRA,106,64.2
2023,PAÍS  VASCO,167.4,71
2023,TOTAL ESTADO,159.7,71.7
2024,ANDALUCÍA,136.7,84.6
2024,ARAGÓN,146.3,65.7
2024,ASTURIAS,159,74
2024,BALEARES,116.4,73
2024,CANARIAS,171.2,93.2
2024,CANTABRIA,205.1,139
2024,CASTILLA-LA MANCHA,79.9,44.5
2024,CASTILLA Y LEÓN,126.5,71.4
2024,CATALUÑA,272.1,112
2024,COM. VALENCIANA,168.5,75.7
2024,EXTREMADURA,131.4,65.7
2024,GALICIA,125.6,77
2024,LA RIOJA,146.9,59.4
2024,MADRID,190.4,79.4
2024,MURCIA,209.6,86
2024,NAVARRA,137.3,83.6
2024,PAÍS  VASCO,169.1,72.2
2024,TOTAL ESTADO,172.7,83.2
2025,ANDALUCÍA,132.9,81.1
2025,ARAGÓN,186,86.8
2025,ASTURIAS,167.3,83.2
2025,BALEARES,108.9,48.4
2025,CANARIAS,157.3,63.6
2025,CANTABRIA,181.4,123.7
2025,CASTILLA-LA MANCHA,101.9,45.8
2025,CASTILLA Y LEÓN,117.1,72.5
2025,CATALUÑA,271.8,116
2025,COM. VALENCIANA,129.2,79.9
2025,EXTREMADURA,111.4,50.5
2025,GALICIA,159.4,84.5
2025,LA RIOJA,124.2,42.4
2025,MADRID,169.3,76.2
2025,MURCIA,189.3,72.3
2025,NAVARRA,119.1,75
2025,PAÍS  VASCO,206.7,73.2
2025,TOTAL ESTADO,167.5,81.4
